Sample_Index,true_label,true_label_num,predicted_label_num,predicted_label_name
0,TypeError,4,4,TypeError
1,TypeError,4,4,TypeError
2,SyntaxError,2,2,SyntaxError
3,IndexError,8,8,IndexError
4,TypeError,4,4,TypeError
5,NameError,3,3,NameError
6,TypeError,4,4,TypeError
7,ValueError,11,11,ValueError
8,NameError,3,3,NameError
9,IndentationError,5,12,TabError
10,ValueError,11,11,ValueError
11,TypeError,4,4,TypeError
12,SyntaxError,2,2,SyntaxError
13,EOFError,9,4,TypeError
14,UnboundLocalError,6,6,UnboundLocalError
15,SyntaxError,2,2,SyntaxError
16,ZeroDivisionError,13,1,LogicError
17,SyntaxError,2,2,SyntaxError
18,UnboundLocalError,6,4,TypeError
19,NameError,3,3,NameError
20,TypeError,4,4,TypeError
21,RecursionError,10,10,RecursionError
22,TypeError,4,3,NameError
23,IndexError,8,8,IndexError
24,TypeError,4,4,TypeError
25,NameError,3,3,NameError
26,IndentationError,5,5,IndentationError
27,ValueError,11,11,ValueError
28,TypeError,4,4,TypeError
29,SyntaxError,2,2,SyntaxError
30,UnboundLocalError,6,6,UnboundLocalError
31,ModuleNotFoundError,13,1,LogicError
32,UnboundLocalError,6,6,UnboundLocalError
33,NameError,3,3,NameError
34,TypeError,4,4,TypeError
35,RecursionError,10,10,RecursionError
36,IndexError,8,1,LogicError
37,IndentationError,5,5,IndentationError
38,TypeError,4,4,TypeError
39,SyntaxError,2,2,SyntaxError
40,KeyError,7,7,KeyError
41,UnboundLocalError,6,6,UnboundLocalError
42,SyntaxError,2,2,SyntaxError
43,TypeError,4,4,TypeError
44,TypeError,4,4,TypeError
45,TypeError,4,4,TypeError
46,TypeError,4,4,TypeError
47,SyntaxError,2,2,SyntaxError
48,ValueError,11,11,ValueError
49,TypeError,4,4,TypeError
50,TypeError,4,4,TypeError
51,NameError,3,3,NameError
52,SyntaxError,2,2,SyntaxError
53,TypeError,4,4,TypeError
54,SyntaxError,2,2,SyntaxError
55,TypeError,4,4,TypeError
56,TypeError,4,4,TypeError
57,SyntaxError,2,2,SyntaxError
58,NameError,3,3,NameError
59,NameError,3,3,NameError
60,IndentationError,5,5,IndentationError
61,EOFError,9,9,EOFError
62,SyntaxError,2,2,SyntaxError
63,SyntaxError,2,2,SyntaxError
64,RecursionError,10,10,RecursionError
65,NameError,3,3,NameError
66,SyntaxError,2,2,SyntaxError
67,NameError,3,3,NameError
68,SyntaxError,2,2,SyntaxError
69,SyntaxError,2,2,SyntaxError
70,IndentationError,5,5,IndentationError
71,SyntaxError,2,2,SyntaxError
72,IndentationError,5,5,IndentationError
73,SyntaxError,2,2,SyntaxError
74,NameError,3,3,NameError
75,NameError,3,3,NameError
76,NameError,3,3,NameError
77,SyntaxError,2,2,SyntaxError
78,SyntaxError,2,2,SyntaxError
79,KeyError,7,7,KeyError
80,SyntaxError,2,2,SyntaxError
81,SyntaxError,2,2,SyntaxError
82,SyntaxError,2,2,SyntaxError
83,SyntaxError,2,2,SyntaxError
84,SyntaxError,2,2,SyntaxError
85,SyntaxError,2,2,SyntaxError
86,SyntaxError,2,2,SyntaxError
87,SyntaxError,2,2,SyntaxError
88,SyntaxError,2,2,SyntaxError
89,SyntaxError,2,2,SyntaxError
90,SyntaxError,2,2,SyntaxError
91,SyntaxError,2,2,SyntaxError
92,SyntaxError,2,2,SyntaxError
93,SyntaxError,2,2,SyntaxError
94,SyntaxError,2,2,SyntaxError
95,SyntaxError,2,2,SyntaxError
96,SyntaxError,2,2,SyntaxError
